word,count,suggestion,first_file,first_line
rrr,101,err,book/appendices/linear-algebra/RnVectorsLength.tex,277
nyc,21,nyx,book/part1-linear-programming/ch03-software/software-python-book1.tex,387
real-world,21,,book/appendices/equations-and-lines/equations-and-lines-new.tex,21
by-sa,19,,book/frontmatter/ai-usage-disclosure.tex,81
non-basic,19,nonbasic,book/part1-linear-programming/ch06-simplex/simplex-basis-driven.tex,784
ashland,18,,book/part2-discrete-algorithms/ch10-graph-theory/graphtheory-dor1.tex,1274
mixed-integer,16,,book/part1-linear-programming/ch01-introduction/mathematicalProgramming.tex,134
big-m,15,,book/part1-linear-programming/ch06-simplex/simplex-basis-driven.tex,1647
ccc,14,csc,book/appendices/linear-algebra/RnVectorsRn.tex,121
dict,14,dick,book/part1-linear-programming/ch03-software/software-python-book1.tex,226
cmyk,12,,packages-and-commands.tex,88
rrrr,12,,book/appendices/linear-algebra/matricesMatrixArithmetic.tex,35
eulerization,11,,book/part2-discrete-algorithms/ch10-graph-theory/graphtheory-dor1.tex,2562
eulerize,11,,book/part2-discrete-algorithms/ch10-graph-theory/graphtheory-dor1.tex,2098
submatrix,11,,book/part1-linear-programming/ch05-lp-theory/formalize-LP.tex,121
ijk,10,ink,book/part1-linear-programming/ch02-modeling/modeling-sums-continued.tex,687
inv,10,in,book/part1-linear-programming/ch02-modeling/modeling-linear-programming.tex,606
moredelim,10,,packages-and-commands.tex,266
mycircle,10,,book/part1-linear-programming/ch02-modeling/modeling-sums-continued.tex,1077
nna,10,na,book/part2-discrete-algorithms/ch10-graph-theory/graphtheory-dor1.tex,1520
ocre,10,core,packages-and-commands.tex,535
toc,10,to,book/book1-main.tex,98
bland's,9,band's,book/part1-linear-programming/ch06-simplex/simplex-basis-driven.tex,2375
edgelabel,9,,book/part2-discrete-algorithms/ch10-graph-theory/graphtheory-dor1.tex,404
lpsum,9,,book/part1-linear-programming/ch03-software/software-python-book1.tex,46
mcst,9,must,book/part2-discrete-algorithms/ch10-graph-theory/graphtheory-dor1.tex,1159
non-negativity,9,,book/part1-linear-programming/ch01-introduction/mathematicalProgramming.tex,223
titletextcolour,9,,book/appendices/linear-algebra/license.tex,11
trade-offs,9,tradeoffs,book/part1-linear-programming/ch02-modeling/modeling-sums.tex,710
backgroundcolor,8,,packages-and-commands.tex,174
bdft,8,,book/part1-linear-programming/ch09-multi-objective/multi-objective-optimization_updated.tex,386
chem,8,them,book/part1-linear-programming/ch02-modeling/modeling-linear-programming.tex,381
dataframe,8,,book/part1-linear-programming/ch03-software/software-python-book1.tex,676
mip,8,rip,book/appendices/software-resources.tex,39
prebreak,8,,packages-and-commands.tex,248
abovelabel,7,,book/part2-discrete-algorithms/ch10-graph-theory/graphtheory-dor1.tex,383
cccc,7,,book/appendices/linear-algebra/matricesMatrixArithmeticIdentityInverses.tex,21
decision-making,7,,book/part1-linear-programming/ch01-introduction/mathematicalProgramming.tex,93
enlargelimits,7,,book/part1-linear-programming/ch09-multi-objective/multi-objective-optimization_updated.tex,89
graphnode,7,,book/part2-discrete-algorithms/ch10-graph-theory/graphtheory-dor1.tex,382
leftmargin,7,,packages-and-commands.tex,177
lpvariable,7,,book/part1-linear-programming/ch03-software/software-python-book1.tex,1105
makespan,7,,book/part3-integer-programming/ch11-ip-formulations/integerProgrammingFormulations-book1.tex,1267
non-linear,7,nonlinear,book/part1-linear-programming/ch01-introduction/mathematicalProgramming.tex,134
non-zero,7,nonzero,book/part1-linear-programming/ch01-introduction/introductionNotation.tex,47
open-source,7,,book/appendices/software-resources.tex,41
rgb,7,rob,packages-and-commands.tex,308
skipabove,7,,packages-and-commands.tex,175
skipbelow,7,,packages-and-commands.tex,176
taa,7,tea,book/part1-linear-programming/ch02-modeling/modeling-linear-programming.tex,333
varvalue,7,,book/part1-linear-programming/ch03-software/software-python-book1.tex,750
x-y,7,,book/appendices/equations-and-lines/equations-and-lines-new.tex,501
xmax,7,max,book/part1-linear-programming/ch09-multi-objective/multi-objective-optimization_updated.tex,82
xmin,7,min,book/part1-linear-programming/ch09-multi-objective/multi-objective-optimization_updated.tex,82
xtick,7,stick,book/part1-linear-programming/ch09-multi-objective/multi-objective-optimization_updated.tex,84
ymax,7,max,book/part1-linear-programming/ch09-multi-objective/multi-objective-optimization_updated.tex,83
ymin,7,yin,book/part1-linear-programming/ch09-multi-objective/multi-objective-optimization_updated.tex,83
ytick,7,stick,book/part1-linear-programming/ch09-multi-objective/multi-objective-optimization_updated.tex,85
basicstyle,6,,packages-and-commands.tex,243
break-even,6,breakeven,book/appendices/equations-and-lines/equations-and-lines-new.tex,30
cc-by-sa,6,,book/frontmatter/preface.tex,5
corvalis,6,corvallis,book/part2-discrete-algorithms/ch10-graph-theory/graphtheory-dor1.tex,1282
everyline,6,,packages-and-commands.tex,183
freshbox,6,,book/part1-linear-programming/ch08-duality/complimentary-slackness.tex,441
geopandas,6,,book/part1-linear-programming/ch03-software/software-python-book1.tex,8
infoline,6,,packages-and-commands.tex,162
innerbottommargin,6,,packages-and-commands.tex,180
innerleftmargin,6,,packages-and-commands.tex,181
innertopmargin,6,,packages-and-commands.tex,179
left-hand,6,,book/part1-linear-programming/ch02-modeling/Section2.tex,1064
linecolor,6,,packages-and-commands.tex,184
linewidth,6,,packages-and-commands.tex,185
lowbound,6,,book/part1-linear-programming/ch03-software/software-python-book1.tex,1105
middlelinewidth,6,,packages-and-commands.tex,182
non-binding,6,nonbinding,book/part1-linear-programming/ch02-modeling/Section2.tex,208
nonnegativity,6,,book/part1-linear-programming/ch06-simplex/simplex-basis-driven.tex,112
rightmargin,6,,packages-and-commands.tex,178
t-shirt,6,,book/part1-linear-programming/ch02-modeling/modeling-linear-programming.tex,48
trade-off,6,tradeoff,book/part1-linear-programming/ch09-multi-objective/multi-objective-optimization_updated.tex,42
tuple,6,tulle,book/part1-linear-programming/ch03-software/software-python-book1.tex,223
zend,6,end,book/part1-linear-programming/ch06-simplex/simplex-basis-driven.tex,1281
zstart,6,start,book/part1-linear-programming/ch06-simplex/simplex-basis-driven.tex,828
cbc,5,csc,book/appendices/software-resources.tex,17
ccccc,5,,book/frontmatter/LP-front-matter.tex,13
def,5,de,book/part1-linear-programming/ch03-software/software-python-book1.tex,345
epsilon-constraint,5,,book/part1-linear-programming/ch09-multi-objective/multi-objective-optimization_updated.tex,313
figsize,5,,book/part1-linear-programming/ch03-software/software-python-book1.tex,779
halfspace,5,,book/part1-linear-programming/ch05-lp-theory/formalize-LP.tex,295
key-value,5,,book/part1-linear-programming/ch03-software/software-python-book1.tex,225
knitro,5,nitro,book/appendices/software-resources.tex,18
kruskal's,5,,book/part2-discrete-algorithms/ch10-graph-theory/graphtheory-dor1.tex,1178
non-dominated,5,,book/part1-linear-programming/ch09-multi-objective/multi-objective-optimization_updated.tex,48
rnna,5,anna,book/part2-discrete-algorithms/ch10-graph-theory/graphtheory-dor1.tex,1529
schwarz,5,schwartz,book/appendices/linear-algebra/RnVectorsDotProductDot.tex,134
t-shirts,5,,book/part1-linear-programming/ch02-modeling/modeling-linear-programming.tex,48
abovecaptionskip,4,,packages-and-commands.tex,264
attribution-sharealike,4,,book/frontmatter/sources-attribution.tex,7
belowcaptionskip,4,,packages-and-commands.tex,265
bocote,4,,book/part1-linear-programming/ch09-multi-objective/multi-objective-optimization_updated.tex,385
cccccc,4,,book/appendices/linear-algebra/matricesMatrixArithmeticProductEntry.tex,19
ccccccc,4,,book/appendices/linear-algebra/systemsofequationsAlgebraicProceduresElementaryOperations.tex,250
codebase,4,,packages-and-commands.tex,165
codecomment,4,,packages-and-commands.tex,167
codekeyword,4,,packages-and-commands.tex,166
codestring,4,,packages-and-commands.tex,168
commentstyle,4,,packages-and-commands.tex,260
frametitle,4,,packages-and-commands.tex,205
frametitleaboveskip,4,,packages-and-commands.tex,203
frametitlefont,4,,packages-and-commands.tex,202
frametitlerule,4,,packages-and-commands.tex,204
gdf,4,gd,book/part1-linear-programming/ch03-software/software-python-book1.tex,1002
keywordstyle,4,,packages-and-commands.tex,259
left-hand-side,4,,book/part1-linear-programming/ch02-modeling/modeling-linear-programming.tex,168
matrix-vector,4,,book/part1-linear-programming/ch03-software/software-python-book1.tex,635
minimum-cost,4,,book/part1-linear-programming/ch02-modeling/modeling-sums-continued.tex,74
minlps,4,,book/part1-linear-programming/ch01-introduction/mathematicalProgramming.tex,361
morekeywords,4,,packages-and-commands.tex,271
morestring,4,,packages-and-commands.tex,257
myarrow,4,marrow,book/part1-linear-programming/ch02-modeling/modeling-sums-continued.tex,1093
num,4,mum,book/part1-linear-programming/ch03-software/software-python-book1.tex,281
pathreplacing,4,,packages-and-commands.tex,82
recall-plus,4,,book/part1-linear-programming/ch02-modeling/modeling-linear-programming.tex,857
rrrrr,4,,book/appendices/linear-algebra/systemsofequationsAlgebraicProceduresGaussianElimination.tex,64
runtime,4,,book/part1-linear-programming/ch03-software/software-python-book1.tex,134
shadecolor,4,,packages-and-commands.tex,157
single-objective,4,,book/part1-linear-programming/ch09-multi-objective/multi-objective-optimization_updated.tex,23
stdform,4,,book/part1-linear-programming/ch06-simplex/simplex-basis-driven.tex,529
step-by-step,4,,book/part1-linear-programming/ch01-introduction/mathematicalProgramming.tex,64
stringstyle,4,,packages-and-commands.tex,261
strippackingoverlap-simple,4,,book/part3-integer-programming/ch11-ip-formulations/integerProgrammingFormulations-book1.tex,971
tie-breaking,4,,book/part1-linear-programming/ch06-simplex/simplex-basis-driven.tex,1490
upquote,4,unquote,packages-and-commands.tex,244
usetikz,4,,book/book1-main.tex,53
warnline,4,,packages-and-commands.tex,160
y-z,4,,book/appendices/linear-algebra/matricesMatrixArithmeticFindingInverse.tex,368
acbda,3,,book/part2-discrete-algorithms/ch10-graph-theory/graphtheory-dor1.tex,3240
aimms,3,aims,book/appendices/software-resources.tex,61
arrowstyle,3,,packages-and-commands.tex,528
bip,3,big,book/part1-linear-programming/ch01-introduction/mathematicalProgramming.tex,186
board-feet,3,,book/part1-linear-programming/ch07-sensitivity/sensitivity-LP.tex,882
cccccccc,3,,book/appendices/linear-algebra/systemsofequationsAlgebraicProceduresGaussianElimination.tex,788
ccccccccc,3,,book/appendices/linear-algebra/systemsofequationsAlgebraicProceduresGaussianElimination.tex,617
clsp,3,clip,book/part3-integer-programming/ch11-ip-formulations/integerProgrammingFormulations-book1.tex,123
coeff,3,coff,book/part1-linear-programming/ch07-sensitivity/sensitivity-LP.tex,925
coin-or,3,,book/appendices/software-resources.tex,43
dataframes,3,,book/part1-linear-programming/ch03-software/software-python-book1.tex,674
either-or,3,,book/part3-integer-programming/ch11-ip-formulations/integerProgrammingFormulations-book1.tex,798
elif,3,elf,book/part1-linear-programming/ch03-software/software-python-book1.tex,289
fixedcost,3,,book/part1-linear-programming/ch03-software/software-python-book1.tex,683
fleury's,3,,book/part2-discrete-algorithms/ch10-graph-theory/graphtheory-dor1.tex,2812
gaurantees,3,guarantees,book/part1-linear-programming/ch01-introduction/introduction-book.tex,15
gurobipy,3,,book/appendices/software-resources.tex,55
iii,3,wii,book/frontmatter/ai-usage-disclosure.tex,113
iterrows,3,,book/part1-linear-programming/ch03-software/software-python-book1.tex,740
litres,3,liters,book/part1-linear-programming/ch02-modeling/Section2.tex,234
lll,3,all,book/appendices/linear-algebra/RnVectorsScalarMultMeaning.tex,18
lpproblem,3,,book/part1-linear-programming/ch03-software/software-python-book1.tex,1096
lps,3,lips,book/part1-linear-programming/ch06-simplex/simplex-basis-driven.tex,612
non-positive,3,,book/part1-linear-programming/ch06-simplex/simplex-basis-driven.tex,1426
non-visited,3,,book/part2-discrete-algorithms/ch10-graph-theory/graphtheory-dor1.tex,650
nosep,3,nose,book/part1-linear-programming/ch02-modeling/Section2.tex,222
nsga-ii,3,,book/part1-linear-programming/ch09-multi-objective/multi-objective-optimization_updated.tex,691
onigsberg,3,,book/frontmatter/sources-attribution.tex,98
origsol,3,,book/part1-linear-programming/ch06-simplex/simplex-basis-driven.tex,244
pareto-optimal,3,,book/part1-linear-programming/ch09-multi-objective/multi-objective-optimization_updated.tex,309
per-unit,3,,book/part1-linear-programming/ch02-modeling/modeling-sums-continued.tex,78
pre-installed,3,,book/part1-linear-programming/ch03-software/software-python-book1.tex,98
prim's,3,primus,book/part2-discrete-algorithms/ch10-graph-theory/graphtheory-dor1.tex,1612
pyplot,3,,book/part1-linear-programming/ch03-software/software-python-book1.tex,142
rrcrll,3,,book/part1-linear-programming/ch02-modeling/Section2.tex,254
rupinder,3,,book/appendices/equations-and-lines/equations-and-lines-new.tex,8
s-t,3,set,book/appendices/linear-algebra/systemsofequationsAlgebraicProceduresGaussianElimination.tex,894
second-order,3,,book/appendices/software-resources.tex,23
strippacking,3,,book/part3-integer-programming/ch11-ip-formulations/integerProgrammingFormulations-book1.tex,975
tech,3,teach,book/frontmatter/ai-usage-disclosure.tex,108
tikz-illustration,3,,book/part3-integer-programming/ch11-ip-formulations/integerProgrammingFormulations-book1.tex,430
transsol,3,,book/part1-linear-programming/ch06-simplex/simplex-basis-driven.tex,245
two-stage,3,,book/part1-linear-programming/ch02-modeling/modeling-sums.tex,676
uncapacitated,3,incapacitated,book/part3-integer-programming/ch11-ip-formulations/integerProgrammingFormulations-book1.tex,301
weighted-sum,3,,book/part1-linear-programming/ch09-multi-objective/multi-objective-optimization_updated.tex,721
worst-case,3,,book/part1-linear-programming/ch01-introduction/mathematicalProgramming.tex,400
yscale,3,scale,book/appendices/equations-and-lines/equations-and-lines-new.tex,528
z-y,3,,book/part1-linear-programming/ch02-modeling/Section2.tex,1037
abdca,2,abaca,book/part2-discrete-algorithms/ch10-graph-theory/graphtheory-dor1.tex,3238
addto,2,,packages-and-commands.tex,109
addtoreset,2,,packages-and-commands.tex,112
alt-text,2,,book/frontmatter/ai-usage-disclosure.tex,33
ampl,2,ample,book/appendices/software-resources.tex,59
arange,2,arrange,book/part1-linear-programming/ch03-software/software-python-book1.tex,602
argmax,2,,packages-and-commands.tex,358
assertionerror,2,,packages-and-commands.tex,271
assignment-like,2,,book/part1-linear-programming/ch02-modeling/modeling-sums.tex,615
atbegindocument,2,,packages-and-commands.tex,119
attributeerror,2,,packages-and-commands.tex,271
avg,2,ave,packages-and-commands.tex,274
aviv,2,avid,book/part2-discrete-algorithms/ch10-graph-theory/graphtheory-dor1.tex,2350
baseexception,2,,packages-and-commands.tex,271
basewidth,2,,packages-and-commands.tex,241
bi-objective,2,,book/part1-linear-programming/ch09-multi-objective/multi-objective-optimization_updated.tex,662
bogdan,2,,book/frontmatter/sources-attribution.tex,101
breaklines,2,breadlines,packages-and-commands.tex,247
built-in,2,,book/part1-linear-programming/ch03-software/software-python-book1.tex,216
calc,2,call,packages-and-commands.tex,521
canonform,2,,book/part1-linear-programming/ch06-simplex/simplex-basis-driven.tex,530
captionpos,2,,packages-and-commands.tex,263
cherryblossompink,2,,packages-and-commands.tex,753
clp,2,cop,book/appendices/software-resources.tex,16
crumcut,2,,book/part1-linear-programming/ch02-modeling/modeling-linear-programming.tex,333
dantzig's,2,danzig's,book/part1-linear-programming/ch06-simplex/simplex-basis-driven.tex,2740
data-driven,2,,book/part1-linear-programming/ch01-introduction/mathematicalProgramming.tex,95
deletekeywords,2,,packages-and-commands.tex,277
dicts,2,dicks,book/part1-linear-programming/ch03-software/software-python-book1.tex,1207
docstring,2,,book/part1-linear-programming/ch03-software/software-python-book1.tex,366
duplo,2,duple,book/part3-integer-programming/ch11-ip-formulations/integerProgrammingFormulations-book1.tex,1418
eco-friendly,2,,book/part1-linear-programming/ch08-duality/complimentary-slackness.tex,431
edgecolor,2,,book/part1-linear-programming/ch03-software/software-python-book1.tex,780
eilat,2,,book/part2-discrete-algorithms/ch10-graph-theory/graphtheory-dor1.tex,2350
element-wise,2,,book/part1-linear-programming/ch03-software/software-python-book1.tex,607
erf,2,era,packages-and-commands.tex,407
euler's,2,ruler's,book/part2-discrete-algorithms/ch10-graph-theory/graphtheory-dor1.tex,2727
extendedchars,2,,packages-and-commands.tex,246
fileexistserror,2,,packages-and-commands.tex,271
filenotfounderror,2,,packages-and-commands.tex,271
first-choice,2,,book/part1-linear-programming/ch02-modeling/modeling-sums.tex,698
floatboxreset,2,,packages-and-commands.tex,109
framerule,2,,packages-and-commands.tex,253
framesep,2,,packages-and-commands.tex,252
fromfile,2,,packages-and-commands.tex,289
gauss-jordan,2,,book/appendices/linear-algebra/systemsofequationsAlgebraicProcedures.tex,12
geodataframe,2,,book/part1-linear-programming/ch03-software/software-python-book1.tex,1000
gpd,2,god,book/part1-linear-programming/ch03-software/software-python-book1.tex,975
graph-theory-graphics,2,,packages-and-commands.tex,708
henriksen,2,,book/frontmatter/contributors-foundations.tex,59
high-performance,2,,book/appendices/software-resources.tex,39
high-quality,2,,book/appendices/linear-algebra/LyryxOpenTexts.tex,51
hrs,2,his,book/part1-linear-programming/ch03-software/software-excel.tex,201
hyper-planes,2,hyperplanes,book/appendices/linear-algebra/systemsofequationsGeometry.tex,269
hyperparameter,2,,book/part1-linear-programming/ch01-introduction/mathematicalProgramming.tex,346
i-th,2,isth,book/part1-linear-programming/ch01-introduction/mathematicalProgramming.tex,318
iec,2,ice,packages-and-commands.tex,83
ilp,2,ill,book/part1-linear-programming/ch01-introduction/mathematicalProgramming.tex,199
importerror,2,,packages-and-commands.tex,271
in-house,2,,book/appendices/linear-algebra/LyryxOpenTexts.tex,95
indentationerror,2,,packages-and-commands.tex,271
indexerror,2,,packages-and-commands.tex,271
ioerror,2,,packages-and-commands.tex,271
k-means,2,,book/part1-linear-programming/ch01-introduction/mathematicalProgramming.tex,322
keyboardinterrupt,2,,packages-and-commands.tex,271
keyerror,2,,packages-and-commands.tex,271
labelformat,2,,book/part1-linear-programming/ch02-modeling/Section2.tex,215
large-scale,2,,book/part1-linear-programming/ch02-modeling/modeling-linear-programming.tex,161
lazweld,2,,book/part1-linear-programming/ch02-modeling/modeling-linear-programming.tex,333
lcc,2,lac,book/part3-integer-programming/ch11-ip-formulations/integerProgrammingFormulations-book1.tex,275
lccc,2,,book/part1-linear-programming/ch02-modeling/Section2.tex,1002
levenshtein,2,,book/part2-discrete-algorithms/ch10-graph-theory/graphtheory-dor1.tex,2554
linalg,2,,book/part1-linear-programming/ch03-software/software-python-book1.tex,644
lpminimize,2,,book/part1-linear-programming/ch03-software/software-python-book1.tex,1249
lpsolve,2,,book/appendices/software-resources.tex,16
lpstatus,2,,book/part1-linear-programming/ch03-software/software-python-book1.tex,1152
lrtb,2,,packages-and-commands.tex,249
lscstextcolour,2,,book/appendices/linear-algebra/LyryxOpenTexts.tex,14
max-min,2,maximin,book/part1-linear-programming/ch02-modeling/modeling-sums.tex,613
memoryerror,2,,packages-and-commands.tex,271
min-max,2,,book/part1-linear-programming/ch02-modeling/modeling-sums.tex,632
mindmap,2,,packages-and-commands.tex,81
moeas,2,moe's,book/part1-linear-programming/ch09-multi-objective/multi-objective-optimization_updated.tex,687
montr,2,month,book/part3-integer-programming/ch11-ip-formulations/integerProgrammingFormulations-book1.tex,1772
morrise,2,morris,book/frontmatter/contributors-foundations.tex,69
mtav,2,,book/part1-linear-programming/ch02-modeling/modeling-sums.tex,683
multi-commodity,2,,book/part1-linear-programming/ch02-modeling/modeling-sums-continued.tex,669
multiobjective,2,,book/part1-linear-programming/ch09-multi-objective/multi-objective-optimization_updated.tex,800
nameerror,2,,packages-and-commands.tex,271
notimplemented,2,,packages-and-commands.tex,271
notimplementederror,2,,packages-and-commands.tex,271
numberfirstline,2,,packages-and-commands.tex,295
numbersep,2,,packages-and-commands.tex,294
numberstyle,2,,packages-and-commands.tex,292
one-way,2,,book/part2-discrete-algorithms/ch10-graph-theory/graphtheory-dor1.tex,314
oserror,2,,packages-and-commands.tex,271
osqp,2,,book/appendices/software-resources.tex,16
outerlinecolor,2,,packages-and-commands.tex,217
outerlinewidth,2,,packages-and-commands.tex,216
overflowerror,2,,packages-and-commands.tex,271
pdfborder,2,,packages-and-commands.tex,120
pdfborderstyle,2,,packages-and-commands.tex,121
penlab,2,,book/appendices/software-resources.tex,26
petri,2,petra,packages-and-commands.tex,81
postaction,2,,packages-and-commands.tex,529
pseudocode,2,,book/part2-discrete-algorithms/ch10-graph-theory/graphtheory-dor1.tex,1199
real-time,2,,book/part1-linear-programming/ch02-modeling/modeling-sums.tex,690
recursionerror,2,,packages-and-commands.tex,271
ret,2,get,book/part1-linear-programming/ch02-modeling/modeling-linear-programming.tex,607
rrcrcrll,2,,book/part1-linear-programming/ch02-modeling/Section2.tex,1095
rulecolor,2,,packages-and-commands.tex,242
runtimeerror,2,,packages-and-commands.tex,271
runtimewarning,2,,packages-and-commands.tex,271
scs,2,sis,book/appendices/software-resources.tex,23
sdpt,2,sept,book/appendices/software-resources.tex,23
sedumi,2,sedums,book/appendices/software-resources.tex,23
semidefinite,2,,book/appendices/software-resources.tex,26
shellinput,2,,packages-and-commands.tex,302
shelloutput,2,,packages-and-commands.tex,301
showspaces,2,,packages-and-commands.tex,255
showstringspaces,2,,packages-and-commands.tex,256
showtabs,2,,packages-and-commands.tex,254
sql,2,sol,packages-and-commands.tex,315
standarderror,2,,packages-and-commands.tex,271
steelblue,2,,book/part1-linear-programming/ch03-software/software-python-book1.tex,780
stepnumber,2,,packages-and-commands.tex,293
stopiteration,2,,packages-and-commands.tex,271
subproblems,2,subproblem,book/part1-linear-programming/ch01-introduction/mathematicalProgramming.tex,111
syntaxerror,2,,packages-and-commands.tex,271
systemerror,2,,packages-and-commands.tex,271
systemexit,2,,packages-and-commands.tex,271
taberror,2,,packages-and-commands.tex,271
tabsize,2,,packages-and-commands.tex,240
tel,2,tell,book/part2-discrete-algorithms/ch10-graph-theory/graphtheory-dor1.tex,2350
titlemainbgcolour,2,,book/appendices/linear-algebra/license.tex,12
triple-quoted,2,,book/part1-linear-programming/ch03-software/software-python-book1.tex,366
tuples,2,,book/part1-linear-programming/ch03-software/software-python-book1.tex,214
two-phase,2,,book/part1-linear-programming/ch06-simplex/simplex-basis-driven.tex,1761
two-variable,2,,book/part1-linear-programming/ch02-modeling/Section2.tex,213
typeerror,2,,packages-and-commands.tex,271
unchen,2,,book/part2-discrete-algorithms/ch10-graph-theory/graphtheory-dor1.tex,1985
valueerror,2,,packages-and-commands.tex,271
viraz,2,viral,book/part1-linear-programming/ch02-modeling/modeling-sums.tex,686
well-known,2,,book/part1-linear-programming/ch09-multi-objective/multi-objective-optimization_updated.tex,666
workflow,2,,book/part1-linear-programming/ch03-software/software-python-book1.tex,1291
xleftmargin,2,,packages-and-commands.tex,250
xrightmargin,2,,packages-and-commands.tex,251
xscale,2,scale,book/appendices/equations-and-lines/equations-and-lines-new.tex,528
xticks,2,sticks,book/part1-linear-programming/ch03-software/software-python-book1.tex,807
y-x,2,,book/appendices/linear-algebra/systemsofequationsAlgebraicProceduresElementaryOperations.tex,10
zerodivisionerror,2,,packages-and-commands.tex,271
a-f,1,af,book/part2-discrete-algorithms/ch10-graph-theory/graphtheory-dor1.tex,3592
abcda,1,,book/part2-discrete-algorithms/ch10-graph-theory/graphtheory-dor1.tex,3236
abdeg,1,,book/part2-discrete-algorithms/ch10-graph-theory/graphtheory-dor1.tex,1485
abea,1,area,book/part2-discrete-algorithms/ch10-graph-theory/graphtheory-dor1.tex,1226
abegfcdfedbca,1,,book/part2-discrete-algorithms/ch10-graph-theory/graphtheory-dor1.tex,1487
abfgcdhmlkjea,1,,book/part2-discrete-algorithms/ch10-graph-theory/graphtheory-dor1.tex,3106
abga,1,aga,book/part2-discrete-algorithms/ch10-graph-theory/graphtheory-dor1.tex,1577
abgcfea,1,,book/part2-discrete-algorithms/ch10-graph-theory/graphtheory-dor1.tex,1543
abs-neg-bound,1,,book/part3-integer-programming/ch11-ip-formulations/integerProgrammingFormulations-book1.tex,1219
abs-pos-bound,1,,book/part3-integer-programming/ch11-ip-formulations/integerProgrammingFormulations-book1.tex,1220
accidentaly,1,accidentally,book/part2-discrete-algorithms/ch10-graph-theory/graphtheory-dor1.tex,3830
acda,1,ada,book/part2-discrete-algorithms/ch10-graph-theory/graphtheory-dor1.tex,3689
acdba,1,,book/part2-discrete-algorithms/ch10-graph-theory/graphtheory-dor1.tex,3794
adapter's-license,1,,book/frontmatter/sources-attribution.tex,137
adbca,1,,book/part2-discrete-algorithms/ch10-graph-theory/graphtheory-dor1.tex,3588
adcba,1,,book/part2-discrete-algorithms/ch10-graph-theory/graphtheory-dor1.tex,3506
add-in,1,,book/part1-linear-programming/ch03-software/software-excel.tex,52
ade,1,are,book/part2-discrete-algorithms/ch10-graph-theory/graphtheory-dor1.tex,2872
adeacefcba,1,,book/part2-discrete-algorithms/ch10-graph-theory/graphtheory-dor1.tex,2664
adebcfa,1,,book/part2-discrete-algorithms/ch10-graph-theory/graphtheory-dor1.tex,1529
adebdca,1,,book/part2-discrete-algorithms/ch10-graph-theory/graphtheory-dor1.tex,2872
aecabcfeda,1,,book/part2-discrete-algorithms/ch10-graph-theory/graphtheory-dor1.tex,2664
agent-task,1,,book/part3-integer-programming/ch11-ip-formulations/integerProgrammingFormulations-book1.tex,1687
ai-assisted,1,,book/frontmatter/ai-usage-disclosure.tex,93
ai-introduced,1,,book/frontmatter/ai-usage-disclosure.tex,99
alcal,1,algal,book/part1-linear-programming/ch09-multi-objective/multi-objective-optimization_updated.tex,800
algorihtm,1,algorithm,book/part2-discrete-algorithms/ch10-graph-theory/graphtheory-dor1.tex,358
algortim,1,,book/part1-linear-programming/ch06-simplex/simplex-basis-driven.tex,15
amazonian's,1,amazonia's,book/part1-linear-programming/ch02-modeling/modeling-sums-continued.tex,170
ambigious,1,ambitious,book/part1-linear-programming/ch06-simplex/simplex-basis-driven.tex,1562
anr,1,and,book/part1-linear-programming/ch07-sensitivity/sensitivity-LP.tex,806
args,1,arms,book/part1-linear-programming/ch03-software/software-python-book1.tex,546
arrays---skills,1,,book/part1-linear-programming/ch03-software/software-python-book1.tex,654
arrowsize,1,,book/part1-linear-programming/ch03-software/software-python-book1.tex,949
artner,1,partner,book/part1-linear-programming/ch01-introduction/resources_and_notation.tex,11
asignaci,1,,book/part1-linear-programming/ch02-modeling/modeling-sums.tex,683
assining,1,assigning,book/part3-integer-programming/ch11-ip-formulations/integerProgrammingFormulations-book1.tex,1434
assumtions,1,assumptions,book/part1-linear-programming/ch02-modeling/Section2.tex,128
atholic,1,catholic,book/appendices/linear-algebra/matricesMatrixArithmetic.tex,52
attaches,1,attachés,book/part1-linear-programming/ch08-duality/duality.tex,339
auxillary,1,auxiliary,book/part1-linear-programming/ch06-simplex/simplex-basis-driven.tex,1656
avaibale,1,,book/part1-linear-programming/ch06-simplex/simplex-basis-driven.tex,1431
axis-specific,1,,book/part1-linear-programming/ch03-software/software-python-book1.tex,654
badcb,1,,book/part2-discrete-algorithms/ch10-graph-theory/graphtheory-dor1.tex,3582
bcfadeb,1,,book/part2-discrete-algorithms/ch10-graph-theory/graphtheory-dor1.tex,1529
bedacfb,1,,book/part2-discrete-algorithms/ch10-graph-theory/graphtheory-dor1.tex,1520
bedafcb,1,,book/part2-discrete-algorithms/ch10-graph-theory/graphtheory-dor1.tex,1529
bejarano,1,,book/frontmatter/contributors-foundations.tex,33
bfss,1,boss,book/part1-linear-programming/ch06-simplex/simplex-basis-driven.tex,2519
bogdang,1,,book/frontmatter/sources-attribution.tex,101
booleans,1,boolean,book/part1-linear-programming/ch03-software/software-python-book1.tex,179
bottom-right,1,,book/part1-linear-programming/ch03-software/software-excel.tex,33
brooklyn-battery,1,,book/part3-integer-programming/ch11-ip-formulations/integerProgrammingFormulations-book1.tex,739
c'x,1,cox,book/part1-linear-programming/ch03-software/software-python-book1.tex,638
cabdcb,1,,book/part2-discrete-algorithms/ch10-graph-theory/graphtheory-dor1.tex,2616
cadbc,1,,book/part2-discrete-algorithms/ch10-graph-theory/graphtheory-dor1.tex,3584
callouts,1,callous,packages-and-commands.tex,521
cancela,1,cancel,book/part1-linear-programming/ch02-modeling/modeling-sums.tex,792
casestudybox,1,,packages-and-commands.tex,760
cdd,1,add,book/appendices/software-resources.tex,16
chaning,1,changing,book/part1-linear-programming/ch06-simplex/simplex-basis-driven.tex,644
chapter-opening,1,,book/frontmatter/ai-usage-disclosure.tex,32
chemicalplant,1,,book/part1-linear-programming/ch02-modeling/modeling-linear-programming.tex,756
chosing,1,chasing,book/part1-linear-programming/ch02-modeling/modeling-linear-programming.tex,81
clei,1,lei,book/part1-linear-programming/ch02-modeling/modeling-sums.tex,792
cloud-based,1,,book/part1-linear-programming/ch03-software/software-python-book1.tex,93
clsp-binary,1,,book/part3-integer-programming/ch11-ip-formulations/integerProgrammingFormulations-book1.tex,152
clsp-capacity,1,,book/part3-integer-programming/ch11-ip-formulations/integerProgrammingFormulations-book1.tex,152
clsp-inventory,1,,book/part3-integer-programming/ch11-ip-formulations/integerProgrammingFormulations-book1.tex,152
clsp-nonnegativity,1,,book/part3-integer-programming/ch11-ip-formulations/integerProgrammingFormulations-book1.tex,152
clsp-objective,1,,book/part3-integer-programming/ch11-ip-formulations/integerProgrammingFormulations-book1.tex,152
cmap,1,crap,book/part1-linear-programming/ch03-software/software-python-book1.tex,829
code-comment,1,,book/frontmatter/ai-usage-disclosure.tex,38
coefficent,1,coefficient,book/part1-linear-programming/ch06-simplex/simplex-basis-driven.tex,1009
collinearity,1,,book/part1-linear-programming/ch09-multi-objective/multi-objective-optimization_updated.tex,806
color-coding,1,,book/part1-linear-programming/ch03-software/software-excel.tex,209
colorbar,1,,book/part1-linear-programming/ch03-software/software-python-book1.tex,830
combinatorics,1,,book/part1-linear-programming/ch01-introduction/resources_and_notation.tex,15
componentwise,1,,book/part1-linear-programming/ch05-lp-theory/formalize-LP.tex,33
compter,1,computer,book/part1-linear-programming/ch01-introduction/introduction-book.tex,19
conda,1,condo,book/part1-linear-programming/ch03-software/software-python-book1.tex,116
coneprog,1,,book/appendices/software-resources.tex,24
conferencia,1,,book/part1-linear-programming/ch02-modeling/modeling-sums.tex,792
conflict---for,1,,book/part1-linear-programming/ch09-multi-objective/multi-objective-optimization_updated.tex,672
connexion,1,,book/part2-discrete-algorithms/ch10-graph-theory/graphtheory-dor1.tex,4015
constains,1,contains,book/part3-integer-programming/ch11-ip-formulations/integerProgrammingFormulations-book1.tex,408
constaints,1,constraints,book/part1-linear-programming/ch06-simplex/simplex-basis-driven.tex,2302
constrants,1,constraints,book/part3-integer-programming/ch11-ip-formulations/integerProgrammingFormulations-book1.tex,595
constriaints,1,constraints,optimization/open-optimization-examples/example-capital-budgeting.tex,13
contraints,1,constraints,book/part1-linear-programming/ch02-modeling/Section2.tex,274
copy-editing,1,copyediting,book/frontmatter/ai-usage-disclosure.tex,28
correspondance,1,correspondence,book/part3-integer-programming/ch11-ip-formulations/integerProgrammingFormulations-book1.tex,941
cost---all,1,,book/part1-linear-programming/ch09-multi-objective/multi-objective-optimization_updated.tex,669
cross-checking,1,crosschecking,book/frontmatter/ai-usage-disclosure.tex,41
cross-entropy,1,,book/part1-linear-programming/ch01-introduction/mathematicalProgramming.tex,318
cross-product,1,,book/part1-linear-programming/ch01-introduction/mathematicalProgramming.tex,221
crs,1,cry,book/part1-linear-programming/ch03-software/software-python-book1.tex,1002
csdp,1,,book/appendices/software-resources.tex,26
customizable,1,,book/part1-linear-programming/ch03-software/software-python-book1.tex,358
cycle-canceling,1,,book/part1-linear-programming/ch02-modeling/modeling-sums-continued.tex,868
dacba,1,dacha,book/part2-discrete-algorithms/ch10-graph-theory/graphtheory-dor1.tex,3586
dantzig-wolfe,1,,book/part1-linear-programming/ch08-duality/complimentary-slackness.tex,244
daqp,1,damp,book/appendices/software-resources.tex,20
decision-maker,1,,book/part1-linear-programming/ch09-multi-objective/multi-objective-optimization_updated.tex,659
demand-supply,1,,book/appendices/equations-and-lines/equations-and-lines-new.tex,30
desited,1,desired,book/part1-linear-programming/ch01-introduction/introduction-book.tex,9
desmos,1,demos,book/part1-linear-programming/ch07-sensitivity/sensitivity-LP.tex,12
det,1,get,book/part1-linear-programming/ch03-software/software-python-book1.tex,644
di-graph,1,digraph,book/part1-linear-programming/ch02-modeling/modeling-sums-continued.tex,50
dictionaryx,1,dictionary,book/part1-linear-programming/ch06-simplex/simplex-basis-driven.tex,2618
diff,1,riff,book/part1-linear-programming/ch03-software/software-python-book1.tex,77
differnt,1,different,book/part1-linear-programming/ch01-introduction/introduction-book.tex,31
dike-stra,1,,book/part2-discrete-algorithms/ch10-graph-theory/graphtheory-dor1.tex,371
docstrings,1,,book/part1-linear-programming/ch03-software/software-python-book1.tex,366
dont,1,don't,book/part1-linear-programming/ch02-modeling/Section2.tex,98
dorff,1,doff,book/frontmatter/contributors-foundations.tex,40
dsdp,1,,book/appendices/software-resources.tex,26
eachother,1,,book/part1-linear-programming/ch02-modeling/Section2.tex,1024
eatonville,1,,book/part2-discrete-algorithms/ch10-graph-theory/graphtheory-dor1.tex,436
ecabd,1,,book/part2-discrete-algorithms/ch10-graph-theory/graphtheory-dor1.tex,3167
ecdab,1,,book/part2-discrete-algorithms/ch10-graph-theory/graphtheory-dor1.tex,3167
ecos,1,cos,book/appendices/software-resources.tex,23
edsger,1,edger,book/part2-discrete-algorithms/ch10-graph-theory/graphtheory-dor1.tex,4015
ehlert,1,,book/frontmatter/contributors-foundations.tex,41
end-of-day,1,,book/part1-linear-programming/ch02-modeling/modeling-sums.tex,322
endcircle,1,encircle,book/part1-linear-programming/ch02-modeling/modeling-sums-continued.tex,1081
enyi,1,enyo,book/part2-discrete-algorithms/ch10-graph-theory/graphtheory-dor1.tex,945
epsg,1,,book/part1-linear-programming/ch03-software/software-python-book1.tex,1002
eqn,1,en,book/part1-linear-programming/ch02-modeling/modeling-linear-programming.tex,166
equivalentely,1,equivalently,book/part1-linear-programming/ch07-sensitivity/sensitivity-LP.tex,598
erd,1,end,book/part2-discrete-algorithms/ch10-graph-theory/graphtheory-dor1.tex,945
eulerizations,1,,book/part2-discrete-algorithms/ch10-graph-theory/graphtheory-dor1.tex,2913
eulerized,1,,book/part2-discrete-algorithms/ch10-graph-theory/graphtheory-dor1.tex,3068
eulerizing,1,,book/part2-discrete-algorithms/ch10-graph-theory/graphtheory-dor1.tex,3065
eurail,1,,book/part2-discrete-algorithms/ch10-graph-theory/graphtheory-dor1.tex,1978
example-code,1,,book/frontmatter/ai-usage-disclosure.tex,38
explanation-of-definition,1,,book/part3-integer-programming/ch11-ip-formulations/integerProgrammingFormulations-book1.tex,1703
explicitly---python,1,,book/part1-linear-programming/ch03-software/software-python-book1.tex,173
explict,1,explicit,optimization/open-optimization-examples/example-capital-budgeting.tex,90
f-strings,1,,book/part1-linear-programming/ch03-software/software-python-book1.tex,303
fabiano,1,fabian,book/frontmatter/contributors-foundations.tex,42
facility-location,1,,book/part3-integer-programming/ch11-ip-formulations/integerProgrammingFormulations-book1.tex,293
farah,1,sarah,book/appendices/linear-algebra/license.tex,45
feasible-region,1,,book/part1-linear-programming/ch02-modeling/Section2.tex,797
fenwick,1,,book/part1-linear-programming/ch09-multi-objective/multi-objective-optimization_updated.tex,796
filtersd,1,filters,book/appendices/software-resources.tex,28
finlinson,1,,book/frontmatter/contributors-foundations.tex,43
fixed-charge,1,,book/part3-integer-programming/ch11-ip-formulations/integerProgrammingFormulations-book1.tex,1841
fmincon,1,,book/appendices/software-resources.tex,28
fontsize,1,,book/part1-linear-programming/ch03-software/software-python-book1.tex,1019
fontweight,1,,book/part1-linear-programming/ch03-software/software-python-book1.tex,1019
forumla,1,formula,book/part1-linear-programming/ch05-lp-theory/formalize-LP.tex,521
four-bedroom,1,,book/part1-linear-programming/ch02-modeling/modeling-sums.tex,698
fourier--motzkin,1,,book/frontmatter/sources-attribution.tex,58
fowers,1,flowers,book/frontmatter/contributors-foundations.tex,46
fractionalizing,1,,book/part1-linear-programming/ch02-modeling/modeling-sums.tex,661
frandsen,1,,book/frontmatter/contributors-foundations.tex,47
fuhriman,1,,book/frontmatter/contributors-foundations.tex,48
full-rank,1,,book/part1-linear-programming/ch05-lp-theory/formalize-LP.tex,213
garc,1,arc,book/part1-linear-programming/ch09-multi-objective/multi-objective-optimization_updated.tex,800
genaralized,1,generalized,book/part3-integer-programming/ch11-ip-formulations/integerProgrammingFormulations-book1.tex,1674
general-purpose,1,,book/part1-linear-programming/ch02-modeling/modeling-sums-continued.tex,870
generallpmax,1,,book/part1-linear-programming/ch02-modeling/modeling-linear-programming.tex,166
giddens,1,middens,book/frontmatter/contributors-foundations.tex,49
gigena,1,,book/frontmatter/contributors-foundations.tex,50
giusc,1,,book/frontmatter/sources-attribution.tex,101
giusca,1,,book/part2-discrete-algorithms/ch10-graph-theory/graphtheory-dor1.tex,62
glines,1,lines,book/frontmatter/contributors-foundations.tex,52
go-to,1,,book/part1-linear-programming/ch03-software/software-python-book1.tex,662
goedert,1,,book/part1-linear-programming/ch09-multi-objective/multi-objective-optimization_updated.tex,804
goemans,1,,book/part1-linear-programming/ch01-introduction/resources_and_notation.tex,12
gppsoy,1,,book/appendices/software-resources.tex,28
gps,1,gas,book/part2-discrete-algorithms/ch10-graph-theory/graphtheory-dor1.tex,692
gpu,1,pu,book/part1-linear-programming/ch03-software/software-python-book1.tex,96
gram--schmidt,1,,book/frontmatter/sources-attribution.tex,24
graphical-method,1,,book/frontmatter/sources-attribution.tex,121
grg,1,gig,book/part1-linear-programming/ch03-software/software-excel.tex,98
grundvig,1,,book/frontmatter/contributors-foundations.tex,56
guess-and-check,1,,book/part2-discrete-algorithms/ch10-graph-theory/graphtheory-dor1.tex,371
gurobi's,1,,book/appendices/software-resources.tex,55
habitational,1,,book/part1-linear-programming/ch02-modeling/modeling-sums.tex,792
half-planes,1,,book/part1-linear-programming/ch02-modeling/Section2.tex,223
half-spaces,1,,book/part1-linear-programming/ch05-lp-theory/formalize-LP.tex,460
hammack,1,hammock,book/part1-linear-programming/ch01-introduction/resources_and_notation.tex,23
hannesson,1,,book/frontmatter/contributors-foundations.tex,57
hardcoded,1,,book/part1-linear-programming/ch03-software/software-python-book1.tex,699
heatmaps,1,,book/part1-linear-programming/ch03-software/software-python-book1.tex,813
hettinger,1,,book/frontmatter/contributors-foundations.tex,61
hidelinks,1,,book/book1-main.tex,96
high-demand,1,,book/part1-linear-programming/ch02-modeling/modeling-sums-continued.tex,480
high-efficiency,1,,book/part1-linear-programming/ch02-modeling/modeling-linear-programming.tex,644
high-end,1,,book/part1-linear-programming/ch09-multi-objective/multi-objective-optimization_updated.tex,385
high-protein,1,,book/part1-linear-programming/ch08-duality/complimentary-slackness.tex,358
high-strength,1,,book/part1-linear-programming/ch09-multi-objective/multi-objective-optimization_updated.tex,800
higher-priority,1,,book/part1-linear-programming/ch09-multi-objective/multi-objective-optimization_updated.tex,631
i-beams,1,,book/part1-linear-programming/ch09-multi-objective/multi-objective-optimization_updated.tex,800
ia-segura,1,,book/part1-linear-programming/ch09-multi-objective/multi-objective-optimization_updated.tex,800
ide,1,idea,book/part1-linear-programming/ch03-software/software-python-book1.tex,80
ijth,1,isth,book/appendices/linear-algebra/matricesMatrixArithmeticProductEntry.tex,1
ilijas,1,,book/appendices/linear-algebra/license.tex,45
impactful,1,,book/part1-linear-programming/ch01-introduction/mathematicalProgramming.tex,97
imshow,1,,book/part1-linear-programming/ch03-software/software-python-book1.tex,829
in-special-cases,1,,book/part3-integer-programming/ch11-ip-formulations/integerProgrammingFormulations-book1.tex,1692
industrial-strength,1,,book/part1-linear-programming/ch03-software/software-python-book1.tex,31
inequalties,1,inequalities,book/part1-linear-programming/ch02-modeling/Section2.tex,96
infinitly,1,infinitely,book/part1-linear-programming/ch02-modeling/Section2.tex,98
infinity,1,,book/part1-linear-programming/ch02-modeling/Section2.tex,636
intance,1,instance,book/part3-integer-programming/ch11-ip-formulations/integerProgrammingFormulations-book1.tex,597
integer-programming,1,,book/frontmatter/sources-attribution.tex,109
interfaces---is,1,,book/part1-linear-programming/ch01-introduction/mathematicalProgramming.tex,386
interior-point,1,,book/part1-linear-programming/ch02-modeling/modeling-sums-continued.tex,870
intlinprog,1,,book/appendices/software-resources.tex,19
invesment,1,investment,optimization/open-optimization-examples/example-capital-budgeting.tex,31
ipopt,1,,book/appendices/software-resources.tex,28
item-bin,1,,book/part3-integer-programming/ch11-ip-formulations/integerProgrammingFormulations-book1.tex,1713
j-th,1,,book/part1-linear-programming/ch01-introduction/mathematicalProgramming.tex,326
jerzy,1,jerry,book/part1-linear-programming/ch06-simplex/simplex-basis-driven.tex,2730
jik,1,jim,book/part1-linear-programming/ch02-modeling/modeling-sums-continued.tex,701
job-specific,1,,book/part3-integer-programming/ch11-ip-formulations/integerProgrammingFormulations-book1.tex,1270
jssp-duplo-actual,1,,book/part3-integer-programming/ch11-ip-formulations/integerProgrammingFormulations-book1.tex,1428
jupter,1,jupiter,book/part1-linear-programming/ch06-simplex/simplex-basis-driven.tex,657
jupyterlab,1,,book/part1-linear-programming/ch03-software/software-python-book1.tex,114
kasprzak,1,,book/part1-linear-programming/ch09-multi-objective/multi-objective-optimization_updated.tex,806
katta,1,,book/part3-integer-programming/ch11-ip-formulations/integerProgrammingFormulations-book1.tex,1861
kemper,1,temper,book/part1-linear-programming/ch09-multi-objective/multi-objective-optimization_updated.tex,806
kgs,1,kegs,book/part3-integer-programming/ch11-ip-formulations/integerProgrammingFormulations-book1.tex,62
krukal's,1,,book/part2-discrete-algorithms/ch10-graph-theory/graphtheory-dor1.tex,1179
kruskal-exercise,1,,book/part2-discrete-algorithms/ch10-graph-theory/graphtheory-dor1.tex,1393
labelwidth,1,,book/part2-discrete-algorithms/ch10-graph-theory/graphtheory-dor1.tex,1476
latinoamericana,1,,book/part1-linear-programming/ch02-modeling/modeling-sums.tex,792
layoutoffset,1,,packages-and-commands.tex,676
layoutsize,1,,packages-and-commands.tex,676
lccccc,1,,book/part2-discrete-algorithms/ch10-graph-theory/graphtheory-dor1.tex,4028
leete,1,leste,book/frontmatter/contributors-foundations.tex,64
license-audit,1,,book/frontmatter/ai-usage-disclosure.tex,41
license-compatibility,1,,book/frontmatter/ai-usage-disclosure.tex,30
lightblue,1,,book/part1-linear-programming/ch03-software/software-python-book1.tex,944
line-drawing,1,,book/frontmatter/sources-attribution.tex,100
linear-programming,1,,book/frontmatter/sources-attribution.tex,109
linkedin,1,,book/part2-discrete-algorithms/ch10-graph-theory/graphtheory-dor1.tex,2524
linprog,1,,book/appendices/software-resources.tex,18
litre,1,lire,book/part1-linear-programming/ch02-modeling/Section2.tex,235
llll,1,lull,book/part1-linear-programming/ch02-modeling/modeling-linear-programming.tex,715
lmilab,1,,book/appendices/software-resources.tex,27
lmirank,1,,book/appendices/software-resources.tex,28
location-based,1,,book/part1-linear-programming/ch01-introduction/mathematicalProgramming.tex,83
logdetppa,1,,book/appendices/software-resources.tex,26
lookup,1,lockup,book/part1-linear-programming/ch03-software/software-python-book1.tex,415
lottery-based,1,,book/part1-linear-programming/ch02-modeling/modeling-sums.tex,668
lower-left,1,,book/part1-linear-programming/ch02-modeling/Section2.tex,711
lower-left-hand,1,,book/part3-integer-programming/ch11-ip-formulations/integerProgrammingFormulations-book1.tex,990
lower-level,1,,book/part1-linear-programming/ch03-software/software-python-book1.tex,49
lower-priority,1,,book/part1-linear-programming/ch09-multi-objective/multi-objective-optimization_updated.tex,631
lp's,1,lip's,book/part1-linear-programming/ch02-modeling/Section2.tex,1120
lp-optimal-value,1,,book/part1-linear-programming/ch02-modeling/Section2.tex,839
lp-unbounded,1,,book/part1-linear-programming/ch02-modeling/Section2.tex,850
lpmaximize,1,,book/part1-linear-programming/ch03-software/software-python-book1.tex,1096
lyryx's,1,,book/frontmatter/sources-attribution.tex,25
lyryxcolour,1,,book/appendices/linear-algebra/LyryxOpenTexts.tex,110
lytle,1,lyle,book/frontmatter/contributors-foundations.tex,65
many-objective,1,,book/part1-linear-programming/ch09-multi-objective/multi-objective-optimization_updated.tex,692
markersize,1,,book/part1-linear-programming/ch03-software/software-python-book1.tex,1011
markowitz,1,,book/part1-linear-programming/ch09-multi-objective/multi-objective-optimization_updated.tex,662
mathematik,1,mathematic,book/part2-discrete-algorithms/ch10-graph-theory/graphtheory-dor1.tex,4015
mathletters,1,,packages-and-commands.tex,13
matousek,1,,book/part1-linear-programming/ch01-introduction/resources_and_notation.tex,11
matplotlibcustomization,1,,book/part1-linear-programming/ch03-software/software-python-book1.tex,854
matrixinversionalgorithm,1,,book/appendices/linear-algebra/matricesMatrixArithmeticFindingInverse.tex,169
max-flow,1,,book/part1-linear-programming/ch02-modeling/modeling-sums-continued.tex,984
mcmurray,1,,book/frontmatter/contributors-foundations.tex,66
mcquarrie,1,,book/frontmatter/contributors-foundations.tex,67
medium-sized,1,,book/part2-discrete-algorithms/ch10-graph-theory/graphtheory-dor1.tex,4024
mei-ko,1,,book/part2-discrete-algorithms/ch10-graph-theory/graphtheory-dor1.tex,3090
mejor,1,major,book/part1-linear-programming/ch02-modeling/modeling-sums.tex,683
metadata,1,,book/frontmatter/ai-usage-disclosure.tex,31
missoula,1,,book/part2-discrete-algorithms/ch10-graph-theory/graphtheory-dor1.tex,12
mixed-binary,1,,book/appendices/software-resources.tex,20
ml-specific,1,,book/part2-discrete-algorithms/ch10-graph-theory/graphtheory-dor1.tex,4036
mps,1,maps,book/part1-linear-programming/ch03-software/software-python-book1.tex,25
mpt,1,met,book/appendices/software-resources.tex,28
multi,1,mufti,book/part3-integer-programming/ch11-ip-formulations/integerProgrammingFormulations-book1.tex,952
multi-network-flow-data,1,,book/part1-linear-programming/ch02-modeling/modeling-sums-continued.tex,729
multi-network-flow-solution,1,,book/part1-linear-programming/ch02-modeling/modeling-sums-continued.tex,730
multi-period,1,,book/part1-linear-programming/ch02-modeling/modeling-sums-continued.tex,885
multi-stage,1,multistage,book/part1-linear-programming/ch01-introduction/mathematicalProgramming.tex,68
multicommodity,1,,book/part1-linear-programming/ch02-modeling/modeling-sums-continued.tex,734
murty,1,murky,book/part3-integer-programming/ch11-ip-formulations/integerProgrammingFormulations-book1.tex,1861
myproblem,1,,book/part1-linear-programming/ch03-software/software-python-book1.tex,1322
nchez,1,chez,book/part1-linear-programming/ch02-modeling/modeling-sums.tex,792
near-linear,1,,book/part2-discrete-algorithms/ch10-graph-theory/graphtheory-dor1.tex,1692
near-optimal,1,,book/part1-linear-programming/ch03-software/software-python-book1.tex,27
negative-cost,1,,book/part1-linear-programming/ch02-modeling/modeling-sums-continued.tex,868
network-based,1,,book/part1-linear-programming/ch03-software/software-python-book1.tex,860
network-flow,1,,book/part1-linear-programming/ch02-modeling/modeling-sums-continued.tex,1173
network-flow-solution,1,,book/part1-linear-programming/ch02-modeling/modeling-sums-continued.tex,1175
new-york-tolls,1,,book/part3-integer-programming/ch11-ip-formulations/integerProgrammingFormulations-book1.tex,762
neyman,1,newman,book/part1-linear-programming/ch06-simplex/simplex-basis-driven.tex,2730
neyman's,1,,book/part1-linear-programming/ch06-simplex/simplex-basis-driven.tex,2730
non-commercial,1,noncommercial,book/appendices/software-resources.tex,45
non-decreasing,1,,book/part2-discrete-algorithms/ch10-graph-theory/graphtheory-dor1.tex,1207
non-integer,1,,book/part1-linear-programming/ch02-modeling/modeling-linear-programming.tex,179
non-linearity,1,nonlinearity,book/part1-linear-programming/ch01-introduction/mathematicalProgramming.tex,380
non-redundant,1,,book/part1-linear-programming/ch05-lp-theory/formalize-LP.tex,432
non-smooth,1,,book/part1-linear-programming/ch03-software/software-excel.tex,100
nonpositive,1,,book/part1-linear-programming/ch06-simplex/simplex-basis-driven.tex,105
nonpositivity,1,,book/part1-linear-programming/ch06-simplex/simplex-basis-driven.tex,570
nonsingular,1,,book/part1-linear-programming/ch06-simplex/simplex-basis-driven.tex,370
notaion,1,notion,book/appendices/linear-algebra/systemsofequationsAlgebraicProcedures.tex,40
nsga-iii,1,,book/part1-linear-programming/ch09-multi-objective/multi-objective-optimization_updated.tex,692
numerische,1,,book/part2-discrete-algorithms/ch10-graph-theory/graphtheory-dor1.tex,4015
numpyvisualguide,1,,book/part1-linear-programming/ch03-software/software-python-book1.tex,656
obj,1,ob,book/part1-linear-programming/ch07-sensitivity/sensitivity-LP.tex,925
one-off,1,,book/part1-linear-programming/ch03-software/software-python-book1.tex,80
one-on-one,1,,book/appendices/linear-algebra/LyryxOpenTexts.tex,95
one-sentence,1,,book/frontmatter/ai-usage-disclosure.tex,77
ooqp,1,,book/appendices/software-resources.tex,20
optimial,1,optimal,book/part1-linear-programming/ch05-lp-theory/formalize-LP.tex,165
optimizaiton,1,optimization,book/part1-linear-programming/ch01-introduction/introduction-book.tex,13
optimization-specific,1,,book/part1-linear-programming/ch03-software/software-python-book1.tex,165
ordred,1,ordered,book/part1-linear-programming/ch02-modeling/modeling-sums-continued.tex,50
oy-lur,1,,book/part2-discrete-algorithms/ch10-graph-theory/graphtheory-dor1.tex,67
p-q,1,,book/appendices/linear-algebra/RnVectorsLength.tex,23
packwood,1,,book/part2-discrete-algorithms/ch10-graph-theory/graphtheory-dor1.tex,436
pandoc,1,,book/frontmatter/preface.tex,20
papersize,1,,packages-and-commands.tex,676
paramters,1,parameters,book/part1-linear-programming/ch02-modeling/modeling-linear-programming.tex,203
penbmi,1,,book/appendices/software-resources.tex,27
pensdp,1,,book/appendices/software-resources.tex,27
per-data-point,1,,book/part1-linear-programming/ch01-introduction/mathematicalProgramming.tex,318
pierson,1,person,book/part1-linear-programming/ch09-multi-objective/multi-objective-optimization_updated.tex,804
pioneerspotlight,1,,packages-and-commands.tex,771
plant-to-market,1,,book/part1-linear-programming/ch03-software/software-python-book1.tex,499
play--even,1,,book/part1-linear-programming/ch02-modeling/modeling-linear-programming.tex,179
point-slope,1,,book/appendices/equations-and-lines/equations-and-lines-new.tex,403
postive,1,positive,book/part1-linear-programming/ch06-simplex/simplex-basis-driven.tex,1562
pre-measuring,1,,book/part1-linear-programming/ch08-duality/complimentary-slackness.tex,379
preference-based,1,,book/part1-linear-programming/ch02-modeling/modeling-sums.tex,663
preprocessing,1,reprocessing,book/part1-linear-programming/ch06-simplex/simplex-basis-driven.tex,1845
presentation-ready,1,,book/part1-linear-programming/ch03-software/software-python-book1.tex,1335
prespective,1,perspective,book/part1-linear-programming/ch06-simplex/simplex-matrix-version.tex,120
primal's,1,,book/part1-linear-programming/ch08-duality/duality.tex,455
prino,1,print,book/part1-linear-programming/ch02-modeling/modeling-sums.tex,792
print-cover,1,,packages-and-commands.tex,674
proble,1,problem,book/part1-linear-programming/ch02-modeling/modeling-sums-continued.tex,606
problem-solving,1,,book/part1-linear-programming/ch01-introduction/mathematicalProgramming.tex,95
probst,1,proust,book/frontmatter/contributors-foundations.tex,75
profit-optimal,1,,book/part1-linear-programming/ch09-multi-objective/multi-objective-optimization_updated.tex,462
proudfoot,1,,book/frontmatter/contributors-foundations.tex,76
publication-quality,1,,book/part1-linear-programming/ch03-software/software-python-book1.tex,852
pwl-application,1,,book/part3-integer-programming/ch11-ip-formulations/integerProgrammingFormulations-book1.tex,1093
pwl-plot,1,,book/part3-integer-programming/ch11-ip-formulations/integerProgrammingFormulations-book1.tex,1076
pycharm,1,,book/part1-linear-programming/ch03-software/software-python-book1.tex,80
pythonic,1,,book/part1-linear-programming/ch03-software/software-python-book1.tex,1036
qap,1,map,book/part3-integer-programming/ch11-ip-formulations/integerProgrammingFormulations-book1.tex,1616
qpc,1,,book/appendices/software-resources.tex,20
qpoases,1,,book/appendices/software-resources.tex,20
quadprog,1,,book/appendices/software-resources.tex,21
quadprogbb,1,,book/appendices/software-resources.tex,20
queens-midtown,1,,book/part3-integer-programming/ch11-ip-formulations/integerProgrammingFormulations-book1.tex,740
quick-prep,1,,book/part1-linear-programming/ch08-duality/complimentary-slackness.tex,358
raws,1,laws,book/part1-linear-programming/ch03-software/software-excel.tex,173
re-attribution,1,,book/frontmatter/ai-usage-disclosure.tex,43
re-solving,1,resolving,book/part1-linear-programming/ch08-duality/complimentary-slackness.tex,241
re-written,1,rewritten,book/part1-linear-programming/ch02-modeling/modeling-linear-programming.tex,180
rearrranged,1,rearranged,book/part1-linear-programming/ch01-introduction/introduction-book.tex,9
reber,1,refer,book/frontmatter/contributors-foundations.tex,77
rebooking,1,rebooting,book/part1-linear-programming/ch02-modeling/modeling-sums-continued.tex,483
reduced-cost,1,,book/part1-linear-programming/ch06-simplex/simplex-basis-driven.tex,1570
regularizations,1,regularization,book/part1-linear-programming/ch01-introduction/mathematicalProgramming.tex,328
relicensed,1,,book/frontmatter/sources-attribution.tex,29
reserach,1,research,book/part1-linear-programming/ch01-introduction/introduction-book.tex,7
right-hand-side,1,,book/part1-linear-programming/ch02-modeling/Section2.tex,1186
right-hand-sides,1,,book/part1-linear-programming/ch02-modeling/modeling-linear-programming.tex,182
rigirous,1,rigorous,book/part1-linear-programming/ch05-lp-theory/formalize-LP.tex,12
risk--return,1,,book/part1-linear-programming/ch09-multi-objective/multi-objective-optimization_updated.tex,666
rmd,1,red,book/frontmatter/preface.tex,20
rrcllll,1,,book/part1-linear-programming/ch02-modeling/Section2.tex,907
rrlr,1,,book/part3-integer-programming/ch11-ip-formulations/integerProgrammingFormulations-book1.tex,1109
rrlrr,1,,book/part3-integer-programming/ch11-ip-formulations/integerProgrammingFormulations-book1.tex,1399
rrrrrrrrr,1,,book/part1-linear-programming/ch06-simplex/simplex-basis-driven.tex,3004
rrrrrrrrrrrrrrrrr,1,,book/part1-linear-programming/ch08-duality/complimentary-slackness.tex,522
s--r,1,,book/part2-discrete-algorithms/ch10-graph-theory/graphtheory-dor1.tex,945
sandberg,1,sandburg,book/frontmatter/contributors-foundations.tex,81
scalarization,1,,book/part1-linear-programming/ch09-multi-objective/multi-objective-optimization_updated.tex,370
scalarized,1,,book/part1-linear-programming/ch09-multi-objective/multi-objective-optimization_updated.tex,372
screenshot,1,,book/part1-linear-programming/ch03-software/software-excel.tex,190
sdpa,1,spa,book/appendices/software-resources.tex,26
sdplr,1,,book/appendices/software-resources.tex,26
sdpnal,1,,book/appendices/software-resources.tex,26
separtes,1,separates,book/part1-linear-programming/ch02-modeling/modeling-sums-continued.tex,606
setminus,1,,book/part1-linear-programming/ch01-introduction/introductionNotation.tex,23
shmuner,1,,book/part1-linear-programming/ch06-simplex/simplex-basis-driven.tex,2730
slope-intercept,1,,book/appendices/equations-and-lines/equations-and-lines-new.tex,403
smartphone,1,,book/part2-discrete-algorithms/ch10-graph-theory/graphtheory-dor1.tex,369
snopt,1,snot,book/appendices/software-resources.tex,28
soltranz,1,,book/part1-linear-programming/ch02-modeling/modeling-linear-programming.tex,644
soluiton,1,solution,book/part1-linear-programming/ch06-simplex/simplex-basis-driven.tex,644
somthing,1,something,book/part1-linear-programming/ch02-modeling/modeling-sums-continued.tex,606
sonet,1,sonnet,book/part2-discrete-algorithms/ch10-graph-theory/graphtheory-dor1.tex,2316
sparsepop,1,,book/appendices/software-resources.tex,28
startcircle,1,,book/part1-linear-programming/ch02-modeling/modeling-sums-continued.tex,1076
state-of-the,1,,book/part1-linear-programming/ch06-simplex/simplex-basis-driven.tex,19
stauffer,1,staffer,book/frontmatter/contributors-foundations.tex,83
std,1,sad,book/part1-linear-programming/ch03-software/software-python-book1.tex,617
stigler's,1,,book/part1-linear-programming/ch06-simplex/simplex-basis-driven.tex,2740
strippackingobj-simple,1,,book/part3-integer-programming/ch11-ip-formulations/integerProgrammingFormulations-book1.tex,971
strippackingwidth-simple,1,,book/part3-integer-programming/ch11-ip-formulations/integerProgrammingFormulations-book1.tex,971
subcases,1,subbases,book/part1-linear-programming/ch06-simplex/simplex-basis-driven.tex,42
submatrices,1,,book/part1-linear-programming/ch06-simplex/simplex-matrix-version.tex,175
suggs,1,,book/frontmatter/contributors-foundations.tex,85
tacp,1,tap,book/part2-discrete-algorithms/ch10-graph-theory/graphtheory-dor1.tex,689
tecnolog,1,,book/part1-linear-programming/ch02-modeling/modeling-sums.tex,683
terimals,1,,book/part3-integer-programming/ch11-ip-formulations/integerProgrammingFormulations-book1.tex,1784
textcoords,1,,book/part1-linear-programming/ch03-software/software-python-book1.tex,1018
three-bedroom,1,,book/part1-linear-programming/ch02-modeling/modeling-sums.tex,699
tica,1,tick,book/part1-linear-programming/ch02-modeling/modeling-sums.tex,792
tikzmark,1,,book/book1-main.tex,33
toll-free,1,,book/part3-integer-programming/ch11-ip-formulations/integerProgrammingFormulations-book1.tex,758
two-bedroom,1,,book/part1-linear-programming/ch02-modeling/modeling-sums.tex,700
two-day,1,,book/part1-linear-programming/ch02-modeling/modeling-linear-programming.tex,213
two-dimensional,1,,book/part1-linear-programming/ch08-duality/complimentary-slackness.tex,508
two-dimensions,1,,book/part1-linear-programming/ch02-modeling/Section2.tex,1184
type---including,1,,book/part1-linear-programming/ch01-introduction/mathematicalProgramming.tex,386
ucs,1,us,packages-and-commands.tex,13
unbouned,1,unbound,book/part1-linear-programming/ch02-modeling/Section2.tex,894
upper-bound,1,,book/part1-linear-programming/ch08-duality/duality.tex,949
user-friendly,1,,book/part1-linear-programming/ch02-modeling/modeling-sums.tex,683
vaiable,1,viable,book/part1-linear-programming/ch06-simplex/simplex-basis-driven.tex,2884
vandenberghe,1,,book/part1-linear-programming/ch01-introduction/resources_and_notation.tex,10
varibales,1,variables,book/part1-linear-programming/ch06-simplex/simplex-basis-driven.tex,1653
varios,1,various,book/part3-integer-programming/ch11-ip-formulations/integerProgrammingFormulations-book1.tex,505
verrazzano-narrows,1,,book/part3-integer-programming/ch11-ip-formulations/integerProgrammingFormulations-book1.tex,744
vertex-cover-matrix,1,,optimization/open-optimization-examples/example-set-covering.tex,19
viviendas,1,,book/part1-linear-programming/ch02-modeling/modeling-sums.tex,683
vol,1,vow,book/part1-linear-programming/ch06-simplex/simplex-basis-driven.tex,2729
wall-clock,1,,book/part2-discrete-algorithms/ch10-graph-theory/graphtheory-dor1.tex,945
warm-up,1,warmup,book/part1-linear-programming/ch01-introduction/mathematicalProgramming.tex,21
ways---and,1,,book/part1-linear-programming/ch02-modeling/modeling-linear-programming.tex,42
wcss,1,wuss,book/part1-linear-programming/ch01-introduction/mathematicalProgramming.tex,322
week-long,1,,book/part1-linear-programming/ch02-modeling/modeling-linear-programming.tex,546
well-distributed,1,,book/part1-linear-programming/ch09-multi-objective/multi-objective-optimization_updated.tex,692
well-structured,1,,book/part1-linear-programming/ch02-modeling/modeling-linear-programming.tex,300
well-suited,1,,book/part1-linear-programming/ch02-modeling/modeling-linear-programming.tex,161
what-if,1,,book/part1-linear-programming/ch08-duality/complimentary-slackness.tex,240
wiki-file-knapsack,1,,book/part3-integer-programming/ch11-ip-formulations/integerProgrammingFormulations-book1.tex,35
wiki-file-petersen-graph,1,,book/part3-integer-programming/ch11-ip-formulations/integerProgrammingFormulations-book1.tex,462
wikipedia-derived,1,,book/frontmatter/sources-attribution.tex,108
within-cluster,1,,book/part1-linear-programming/ch01-introduction/mathematicalProgramming.tex,322
writing-assistance,1,,book/frontmatter/ai-usage-disclosure.tex,16
x-x,1,,book/appendices/equations-and-lines/equations-and-lines-new.tex,403
xcolor,1,color,packages-and-commands.tex,12
xlsx,1,,book/part1-linear-programming/ch03-software/software-python-book1.tex,706
xticklabels,1,,book/part1-linear-programming/ch03-software/software-python-book1.tex,808
xytext,1,,book/part1-linear-programming/ch03-software/software-python-book1.tex,1018
y-nb-a-t,1,,book/part2-discrete-algorithms/ch10-graph-theory/graphtheory-dor1.tex,689
y-y,1,,book/appendices/equations-and-lines/equations-and-lines-new.tex,403
yepes,1,yeses,book/part1-linear-programming/ch09-multi-objective/multi-objective-optimization_updated.tex,800
ylorrd,1,,book/part1-linear-programming/ch03-software/software-python-book1.tex,829
yticks,1,sticks,book/part1-linear-programming/ch03-software/software-python-book1.tex,832
zaitzeff,1,,book/frontmatter/contributors-foundations.tex,92
zero-based,1,,book/part1-linear-programming/ch03-software/software-python-book1.tex,253
zero-indexed,1,,book/part1-linear-programming/ch03-software/software-python-book1.tex,394
